advertiser,campaign,dt,approxDevices,impressions,percentage
adapt,20431,2015-07-07,1,4,25
adapt,20431,2015-07-23,1,50825,0.001967536
adapt,20431,2015-07-24,7307,143883,5.078431781
adapt,20431,2015-07-25,61054,140858,43.34436099
adapt,20431,2015-07-26,50635,143064,35.39325057
adapt,20431,2015-07-27,57254,143556,39.88269386
adapt,20431,2015-07-28,43323,129822,33.37107732
adapt,20431,2015-07-29,42028,153881,27.31201383
adapt,20431,2015-07-30,32701,93546,34.95713339
adapt,20431,2015-07-31,59864,188458,31.76516784
adapt,20431,2015-08-01,63247,321725,19.65871474
adapt,20431,2015-08-02,4,6,66.66666667
adcol,20240,2015-07-09,1,1,100
adcol,20240,2015-07-16,1,1,100
adcol,20240,2015-07-17,1,1,100
adcol,20240,2015-07-28,1,4,25
adcol,20240,2015-07-31,1,1,100
adcol,20240,2015-08-02,1,1,100
adel,20442,2015-07-15,1,2,50
adel,20442,2015-07-27,6006,7900,76.02531646
adel,20442,2015-07-28,8146,11716,69.52884944
adel,20442,2015-07-29,3028,3946,76.73593512
adel,20442,2015-07-30,1,1,100
adel,20442,2015-07-31,8868,11564,76.68626773
adel,20442,2015-08-02,1,1,100
amobee,20364,2015-07-15,1,1,100
amobee,20421,2015-07-03,180145,2469670,7.294294379
amobee,20421,2015-07-04,40241,347491,11.58044381
amobee,20421,2015-07-05,214,259,82.62548263
amobee,20421,2015-07-06,74,101,73.26732673
amobee,20421,2015-07-07,43,61,70.49180328
amobee,20421,2015-07-08,26,44,59.09090909
amobee,20421,2015-07-09,29,47,61.70212766
amobee,20421,2015-07-11,4,5,80
amobee,20421,2015-07-12,8,8,100
amobee,20421,2015-07-13,7,8,87.5
amobee,20421,2015-07-14,9,12,75
amobee,20421,2015-07-15,1,1,100
amobee,20421,2015-07-19,1,1,100
amobee,20421,2015-07-21,1,1,100
amobee,20421,2015-07-23,1,1,100
amobee,20421,2015-07-24,1,1,100
amobee,20421,2015-07-25,1,1,100
amobee,20421,2015-07-26,1,1,100
amp,20449,2015-07-22,5498,48404,11.35856541
amp,20449,2015-07-23,7312,24026,30.43369683
amp,20453,2015-07-23,2482,6016,41.25664894
amp,20453,2015-07-24,19735,89154,22.13585481
amp,20453,2015-07-25,23605,105828,22.30506104
amp,20453,2015-07-26,22549,111601,20.20501608
amp,20453,2015-07-27,20878,91479,22.82272434
amp,20453,2015-07-28,32955,160971,20.47263172
amp,20453,2015-07-29,30941,158173,19.5614928
amp,20453,2015-07-30,26400,133215,19.81758811
amp,20453,2015-07-31,26939,121126,22.24047686
amp,20453,2015-08-01,36659,171862,21.33048609
amp,20453,2015-08-02,35656,180685,19.73379085
cbsi,20257,2015-07-04,1,2,50
cbsi,20257,2015-07-05,1,2,50
cbsi,20257,2015-07-06,1,6,16.66666667
cbsi,20257,2015-07-07,1,8,12.5
cbsi,20257,2015-07-08,1,2,50
cbsi,20257,2015-07-09,1,8,12.5
cbsi,20257,2015-07-12,1,2,50
cbsi,20257,2015-07-13,1,2,50
cbsi,20257,2015-07-14,1,6,16.66666667
cbsi,20257,2015-07-15,1,4,25
cbsi,20257,2015-07-17,1,6,16.66666667
cbsi,20257,2015-07-20,1,8,12.5
cbsi,20257,2015-07-21,1,6,16.66666667
cbsi,20257,2015-07-22,1,4,25
cbsi,20257,2015-07-23,1,18,5.555555556
cbsi,20257,2015-07-24,1,2,50
cbsi,20257,2015-07-26,1,2,50
cbsi,20257,2015-07-27,1,2,50
cbsi,20257,2015-07-28,1,8,12.5
cbsi,20257,2015-07-29,1,2,50
cbsi,20257,2015-07-30,1,8,12.5
cbsi,20257,2015-07-31,1,4,25
crisp,20428,2015-07-06,1,4,25
crisp,20428,2015-07-07,11166,14130,79.02335456
crisp,20428,2015-07-09,1,1,100
crisp,20428,2015-07-13,1,1,100
dedi,20443,2015-07-15,1,1,100
dedi,20443,2015-07-21,2,28,7.142857143
dedi,20443,2015-07-22,1,17,5.882352941
dedi,20443,2015-07-23,1,76,1.315789474
dedi,20443,2015-07-24,1,46,2.173913043
dedi,20443,2015-07-25,1,3,33.33333333
dedi,20443,2015-07-26,1,3,33.33333333
dedi,20443,2015-07-27,2,18,11.11111111
dedi,20443,2015-07-28,1,19,5.263157895
dedi,20443,2015-07-29,2,16,12.5
dedi,20443,2015-07-30,1,17,5.882352941
dedi,20443,2015-07-31,1,34,2.941176471
dedi,20443,2015-08-01,1,1,100
dedi,20443,2015-08-02,1,1,100
ebay,20394,2015-07-03,1,4,25
espn,20260,2015-07-31,1,1,100
goog,20309,2015-07-07,1,2,50
goog,20309,2015-07-09,1,2,50
goog,20309,2015-07-14,1,2,50
goog,20309,2015-07-21,1,2,50
goog,20309,2015-07-24,1,2,50
goog,20309,2015-07-28,1,2,50
goog,20309,2015-07-31,1,5,20
goog,20309,2015-08-01,1,1,100
haw,20384,2015-07-03,125164,268731,46.57594397
haw,20384,2015-07-04,140817,276453,50.93704897
haw,20384,2015-07-05,132490,282684,46.86858825
haw,20384,2015-07-06,172061,293839,58.55621616
haw,20384,2015-07-07,134030,201222,66.60802497
haw,20384,2015-07-08,83746,116870,71.65739711
haw,20384,2015-07-09,98728,133938,73.71171736
haw,20384,2015-07-10,7,7,100
haw,20384,2015-07-11,138454,243001,56.97672026
haw,20384,2015-07-12,117431,176819,66.41311171
haw,20384,2015-07-13,90238,138795,65.01531035
haw,20384,2015-07-14,78016,128764,60.58836321
haw,20384,2015-07-15,52105,69736,74.71750602
haw,20384,2015-07-16,12211,33966,35.95065654
haw,20384,2015-07-17,52041,93368,55.73751178
haw,20384,2015-07-18,53827,98471,54.66279412
haw,20384,2015-07-19,12,14,85.71428571
haw,20384,2015-07-20,1,1,100
haw,20384,2015-07-21,3,3,100
haw,20384,2015-07-22,2,4,50
haw,20384,2015-07-24,3,3,100
haw,20384,2015-07-25,1,1,100
haw,20384,2015-07-27,1,1,100
haw,20384,2015-07-28,2,2,100
haw,20384,2015-07-29,2,2,100
haw,20384,2015-07-30,4,4,100
haw,20384,2015-07-31,1,2,50
haw,20384,2015-08-01,1,1,100
haw,20384,2015-08-02,1,1,100
hill,20353,2015-07-06,30823,101566,30.34775417
hill,20353,2015-07-07,55212,129187,42.7380464
hill,20353,2015-07-08,62426,148113,42.14754951
hill,20353,2015-07-09,105613,254290,41.53250226
hill,20353,2015-07-10,3,3,100
hill,20353,2015-07-11,94761,263911,35.906423
hill,20353,2015-07-12,88508,268038,33.0206911
hill,20353,2015-07-13,109563,257836,42.49329031
hill,20353,2015-07-14,115140,251438,45.79260096
hill,20353,2015-07-15,32688,67203,48.64068568
hill,20353,2015-07-16,30107,50695,59.38849985
hill,20353,2015-07-17,134685,242998,55.42638211
hill,20353,2015-07-18,130630,248088,52.65470317
hill,20353,2015-07-19,129724,233263,55.61276328
hill,20353,2015-07-20,139893,255218,54.81314014
hill,20353,2015-07-21,131527,257278,51.12252116
hill,20353,2015-07-22,119767,243857,49.11361987
hill,20353,2015-07-23,125604,266070,47.20712594
hill,20353,2015-07-24,413547,1139527,36.29111026
hill,20353,2015-07-25,386054,898297,42.97620943
hill,20353,2015-07-26,223222,427049,52.2708167
hill,20353,2015-07-27,170393,343059,49.66871588
hill,20353,2015-07-28,192006,378275,50.75831075
hill,20353,2015-07-29,165820,355145,46.69078827
hill,20353,2015-07-30,192398,337045,57.0837722
hill,20353,2015-07-31,178159,328794,54.18559949
hill,20353,2015-08-01,186146,324561,57.3531632
hill,20353,2015-08-02,180407,312483,57.7333807
jun,20352,2015-07-06,5546,7571,73.25320301
jun,20352,2015-07-07,4677,6729,69.50512706
mblthry,20447,2015-07-20,2,6,33.33333333
mdmath,20305,2015-07-05,1,6,16.66666667
mfuse,20406,2015-07-09,1,1,100
mfuse,20406,2015-07-14,1346,6737,19.97921924
mfuse,20406,2015-07-15,5049,5023,100.517619
mfuse,20406,2015-07-16,238,231,103.030303
mfuse,20406,2015-07-17,1,2,50
mfuse,20406,2015-07-18,2804,2838,98.80197322
mfuse,20406,2015-07-21,2225,2414,92.17067109
mfuse,20406,2015-07-22,1037,1041,99.61575408
mfuse,20406,2015-07-23,1212,1268,95.58359621
mfuse,20406,2015-07-24,882,821,107.4299635
mfuse,20406,2015-07-25,658,644,102.173913
mfuse,20406,2015-07-26,802,845,94.9112426
mfuse,20406,2015-07-27,1258,1285,97.89883268
microsoft,20333,2015-07-05,1,3,33.33333333
mshare,20423,2015-07-16,5,2023,0.247157687
mshare,20423,2015-07-17,5,353,1.416430595
mshare,20423,2015-07-18,29446,112047,26.2800432
mshare,20423,2015-07-19,170978,2630108,6.500797686
mshare,20423,2015-07-20,203423,2784156,7.306451219
mshare,20423,2015-07-21,241867,4311639,5.60963012
mshare,20423,2015-07-22,429652,2329845,18.44122678
mshare,20423,2015-07-23,931677,2819127,33.04842244
mshare,20423,2015-07-24,1248181,3792833,32.90893641
mshare,20423,2015-07-25,1273887,3803018,33.49673864
mshare,20423,2015-07-26,1320894,3838512,34.41161575
mshare,20423,2015-07-27,1236735,3950915,31.30249575
mshare,20423,2015-07-28,1047791,4187187,25.02374506
mshare,20423,2015-07-29,995368,3720761,26.7517317
mshare,20423,2015-07-30,998106,4612344,21.63988636
mshare,20423,2015-07-31,1261109,6736146,18.72152118
mshare,20423,2015-08-01,1092504,4417999,24.72848002
mshare,20423,2015-08-02,1185496,4219468,28.09586422
nd,20300,2015-07-14,1,1,100
nd,20307,2015-07-06,2,2,100
nd,20307,2015-07-07,2,2,100
nd,20307,2015-07-08,1,1,100
nd,20307,2015-07-21,1,1,100
nd,20307,2015-07-26,1,1,100
nd,20311,2015-07-03,31471,204524,15.38743619
nd,20311,2015-07-04,28881,204833,14.09977884
nd,20311,2015-07-05,24232,199169,12.16655202
nd,20311,2015-07-06,19074,155259,12.28527815
nd,20311,2015-07-07,50149,282592,17.74607915
nd,20311,2015-07-08,17884,140812,12.70062211
nd,20311,2015-07-09,19111,163086,11.71835719
nd,20311,2015-07-10,2,16,12.5
nd,20311,2015-07-11,8340,117816,7.078834793
nd,20311,2015-07-12,9948,117677,8.453648546
nd,20311,2015-07-13,10503,260657,4.029433317
nd,20311,2015-07-14,3628,132945,2.728948061
nd,20311,2015-07-15,1484,10828,13.70520872
nd,20311,2015-07-16,288,8050,3.577639752
nd,20311,2015-07-17,1754,508986,0.344606728
nd,20311,2015-07-18,2047,430134,0.475898208
nd,20311,2015-07-19,1521,2280,66.71052632
nd,20311,2015-07-20,66,83,79.51807229
nd,20311,2015-07-21,1,1,100
nd,20311,2015-07-23,1,1,100
nd,20311,2015-07-25,1,1,100
nd,20311,2015-07-30,1,1,100
nd,20332,2015-07-06,1,1,100
nd,20332,2015-07-07,1,2,50
nd,20346,2015-07-03,154648,735580,21.02395389
nd,20346,2015-07-04,175571,701843,25.01570864
nd,20346,2015-07-05,187427,954420,19.63779049
nd,20346,2015-07-06,92827,454218,20.43666257
nd,20346,2015-07-07,223,248,89.91935484
nd,20346,2015-07-08,87,94,92.55319149
nd,20346,2015-07-09,47,64,73.4375
nd,20346,2015-07-11,34,35,97.14285714
nd,20346,2015-07-12,14,18,77.77777778
nd,20346,2015-07-13,10,10,100
nd,20346,2015-07-14,9,9,100
nd,20346,2015-07-15,1,1,100
nd,20346,2015-07-16,3,3,100
nd,20346,2015-07-17,4,4,100
nd,20346,2015-07-18,4,4,100
nd,20346,2015-07-19,1,1,100
nd,20346,2015-07-23,1,2,50
nd,20354,2015-07-07,1,3,33.33333333
nd,20382,2015-07-03,344467,2276618,15.13064555
nd,20382,2015-07-04,198041,1201783,16.47893172
nd,20382,2015-07-05,475,646,73.52941176
nd,20382,2015-07-06,166,195,85.12820513
nd,20382,2015-07-07,83,88,94.31818182
nd,20382,2015-07-08,34,47,72.34042553
nd,20382,2015-07-09,34,41,82.92682927
nd,20382,2015-07-11,8,10,80
nd,20382,2015-07-12,8,12,66.66666667
nd,20382,2015-07-13,14,16,87.5
nd,20382,2015-07-14,6,8,75
nd,20382,2015-07-15,4,4,100
nd,20382,2015-07-16,4,4,100
nd,20382,2015-07-17,4,4,100
nd,20382,2015-07-18,5,7,71.42857143
nd,20382,2015-07-19,2,2,100
nd,20382,2015-07-20,1,1,100
nd,20382,2015-07-21,2,2,100
nd,20382,2015-07-23,1,2,50
nd,20382,2015-07-25,1,2,50
nd,20382,2015-08-02,1,1,100
nd,20385,2015-07-03,102572,255563,40.13570039
nd,20385,2015-07-04,86136,200892,42.87676961
nd,20385,2015-07-05,106174,248477,42.72991062
nd,20385,2015-07-06,125734,354868,35.43120259
nd,20385,2015-07-07,155356,421222,36.88221413
nd,20385,2015-07-08,173619,489530,35.46646784
nd,20385,2015-07-09,170423,418761,40.6969608
nd,20385,2015-07-10,6,7,85.71428571
nd,20385,2015-07-11,110528,354061,31.21721963
nd,20385,2015-07-12,119986,359380,33.38694418
nd,20385,2015-07-13,190153,981785,19.36808975
nd,20385,2015-07-14,443908,7114937,6.239099517
nd,20385,2015-07-15,166993,1450651,11.51159031
nd,20385,2015-07-16,160439,617827,25.96827267
nd,20385,2015-07-17,67922,406478,16.70988344
nd,20385,2015-07-18,46504,177202,26.24349612
nd,20385,2015-07-19,42730,161759,26.41584085
nd,20385,2015-07-20,289521,2183643,13.25862332
nd,20385,2015-07-21,342976,4884724,7.021399776
nd,20385,2015-07-22,196110,1919433,10.21707973
nd,20385,2015-07-23,115314,736155,15.66436416
nd,20385,2015-07-24,145265,707483,20.53264884
nd,20385,2015-07-25,152261,743844,20.46948016
nd,20385,2015-07-26,141389,674283,20.96879204
nd,20385,2015-07-27,177108,690365,25.65425536
nd,20385,2015-07-28,182809,673869,27.12826974
nd,20385,2015-07-29,137817,421641,32.68586309
nd,20385,2015-07-30,134770,643921,20.92958608
nd,20385,2015-07-31,166390,1041268,15.9795557
nd,20385,2015-08-01,126271,695411,18.15775132
nd,20385,2015-08-02,116992,555731,21.05191181
nd,20388,2015-07-03,22389,44255,50.59089368
nd,20388,2015-07-04,4706,6754,69.67722831
nd,20388,2015-07-05,4,4,100
nd,20388,2015-07-07,2444,3299,74.08305547
nd,20388,2015-07-08,12063,21802,55.32978626
nd,20388,2015-07-09,2864,4670,61.32762313
nd,20388,2015-07-11,2395,4132,57.96224589
nd,20388,2015-07-12,2488,4131,60.22754781
nd,20388,2015-07-13,2630,4330,60.73903002
nd,20388,2015-07-14,2677,3806,70.33631109
nd,20388,2015-07-15,47,60,78.33333333
nd,20388,2015-07-16,389,412,94.41747573
nd,20388,2015-07-17,2772,3964,69.92936428
nd,20388,2015-07-18,2322,3444,67.42160279
nd,20388,2015-07-19,2449,3530,69.37677054
nd,20388,2015-07-20,1996,3121,63.95386094
nd,20388,2015-07-21,2218,3528,62.86848073
nd,20388,2015-07-22,1808,3157,57.26955971
nd,20388,2015-07-23,1838,2912,63.11813187
nd,20388,2015-07-24,1915,2874,66.63187196
nd,20388,2015-07-25,1629,2774,58.72386446
nd,20388,2015-07-26,1882,2791,67.43102831
nd,20388,2015-07-27,1660,2482,66.88154714
nd,20388,2015-07-28,1571,2425,64.78350515
nd,20388,2015-07-29,1530,2215,69.0744921
nd,20388,2015-07-30,7323,15405,47.53651412
nd,20388,2015-07-31,5325,6788,78.44725987
nd,20388,2015-08-01,1126,1439,78.24878388
nd,20388,2015-08-02,707,783,90.29374202
nd,20392,2015-07-03,1,1,100
nd,20392,2015-07-04,2,2,100
nd,20392,2015-07-12,1,1,100
nd,20392,2015-07-13,1,1,100
nd,20392,2015-07-21,1,1,100
nd,20392,2015-07-28,1,7,14.28571429
nd,20398,2015-07-03,45424,90070,50.43188631
nd,20398,2015-07-04,41208,75955,54.25317622
nd,20398,2015-07-05,38607,79651,48.47020125
nd,20398,2015-07-06,46135,99414,46.4069447
nd,20398,2015-07-07,49350,81443,60.59452623
nd,20398,2015-07-08,59427,94462,62.91101184
nd,20398,2015-07-09,48781,83571,58.37072669
nd,20398,2015-07-10,2,2,100
nd,20398,2015-07-11,46844,105767,44.28980684
nd,20398,2015-07-12,47953,107625,44.55563298
nd,20398,2015-07-13,76645,130970,58.52103535
nd,20398,2015-07-14,83144,189706,43.82781778
nd,20398,2015-07-15,17116,28016,61.09366077
nd,20398,2015-07-16,24131,49855,48.40236686
nd,20398,2015-07-17,47755,80779,59.11808762
nd,20398,2015-07-18,62058,92169,67.33066432
nd,20398,2015-07-19,47147,64433,73.17213229
nd,20398,2015-07-20,17,97,17.5257732
nd,20398,2015-07-21,1,1,100
nd,20398,2015-07-23,1,1,100
nd,20398,2015-07-29,1,1,100
nd,20398,2015-07-30,1,1,100
nd,20401,2015-07-03,32591,68521,47.56352067
nd,20401,2015-07-04,32894,70467,46.68000624
nd,20401,2015-07-05,34137,77506,44.04433205
nd,20401,2015-07-06,36946,76710,48.1632121
nd,20401,2015-07-07,42558,97521,43.63983142
nd,20401,2015-07-08,35884,90564,39.62280818
nd,20401,2015-07-09,36357,87992,41.31852896
nd,20401,2015-07-11,40237,86583,46.47217121
nd,20401,2015-07-12,39893,85764,46.51485472
nd,20401,2015-07-13,38765,87149,44.48129066
nd,20401,2015-07-14,39212,83962,46.70207951
nd,20401,2015-07-15,18109,35246,51.37887987
nd,20401,2015-07-16,11528,27901,41.3175155
nd,20401,2015-07-17,96099,436269,22.02746471
nd,20401,2015-07-18,56356,157602,35.75842946
nd,20401,2015-07-19,34249,79259,43.21149649
nd,20401,2015-07-20,33122,78681,42.09656715
nd,20401,2015-07-21,32971,60917,54.12446444
nd,20401,2015-07-22,21564,61622,34.99399565
nd,20401,2015-07-23,21917,58789,37.28078382
nd,20401,2015-07-24,22148,59692,37.1037995
nd,20401,2015-07-25,24662,53396,46.1869803
nd,20401,2015-07-26,20287,60111,33.74923059
nd,20401,2015-07-27,25492,58961,43.23535897
nd,20401,2015-07-28,30796,62318,49.41750377
nd,20401,2015-07-29,28768,65304,44.0524317
nd,20401,2015-07-30,29585,71031,41.65082851
nd,20401,2015-07-31,35278,72164,48.88587107
nd,20401,2015-08-01,44966,93312,48.18887174
nd,20401,2015-08-02,44264,85978,51.4829375
nd,20405,2015-07-03,78808,233079,33.81171191
nd,20405,2015-07-04,70853,216188,32.77378948
nd,20405,2015-07-05,88773,288400,30.78120666
nd,20405,2015-07-06,163404,913785,17.88210575
nd,20405,2015-07-07,232647,1869763,12.44259299
nd,20405,2015-07-08,197327,1597238,12.35426405
nd,20405,2015-07-09,118238,973519,12.14542295
nd,20405,2015-07-10,24,71,33.8028169
nd,20405,2015-07-11,71548,654971,10.92384243
nd,20405,2015-07-12,60079,581925,10.32418267
nd,20405,2015-07-13,34242,286732,11.94216202
nd,20405,2015-07-14,63996,284510,22.49340972
nd,20405,2015-07-15,12066,39193,30.78610976
nd,20405,2015-07-16,6015,26149,23.00279169
nd,20405,2015-07-17,1,36,2.777777778
nd,20405,2015-07-18,2,42,4.761904762
nd,20405,2015-07-19,2,5,40
nd,20405,2015-07-20,1,1,100
nd,20405,2015-07-24,1,1,100
nd,20405,2015-07-27,1,14,7.142857143
nd,20405,2015-07-28,1,12,8.333333333
nd,20407,2015-07-03,1,8,12.5
nd,20407,2015-07-04,1,8,12.5
nd,20413,2015-07-03,282,867,32.52595156
nd,20413,2015-07-04,205,301,68.10631229
nd,20413,2015-07-05,209,321,65.10903427
nd,20413,2015-07-06,5966,13447,44.36677326
nd,20413,2015-07-07,8450,18940,44.61457233
nd,20413,2015-07-08,7392,21604,34.21588595
nd,20413,2015-07-09,7636,25966,29.40768698
nd,20413,2015-07-10,2,4,50
nd,20413,2015-07-11,2426,11728,20.68553888
nd,20413,2015-07-12,2747,13839,19.84970012
nd,20413,2015-07-13,7428,23845,31.15118473
nd,20413,2015-07-14,9037,34938,25.86581945
nd,20413,2015-07-15,3905,14753,26.46919271
nd,20413,2015-07-16,17228,31685,54.37273158
nd,20413,2015-07-17,8844,29256,30.22969647
nd,20413,2015-07-18,5926,26988,21.95790722
nd,20413,2015-07-19,6289,22003,28.58246603
nd,20413,2015-07-20,19600,46971,41.72787465
nd,20413,2015-07-21,36065,78428,45.98485235
nd,20413,2015-07-22,23240,60740,38.26144221
nd,20413,2015-07-23,35968,237043,15.17361829
nd,20413,2015-07-24,26047,113435,22.96204875
nd,20413,2015-07-25,33046,142634,23.16838902
nd,20413,2015-07-26,29816,122332,24.37301769
nd,20413,2015-07-27,26866,114106,23.54477416
nd,20413,2015-07-28,29939,150993,19.8280715
nd,20413,2015-07-29,26889,132905,20.23174448
nd,20413,2015-07-30,42576,191931,22.18297201
nd,20413,2015-07-31,47136,230701,20.43164096
nd,20413,2015-08-01,40650,208877,19.46121402
nd,20413,2015-08-02,34175,169840,20.12187942
nd,20414,2015-07-03,18738,88309,21.21867533
nd,20414,2015-07-04,15516,73810,21.0215418
nd,20414,2015-07-05,12878,57650,22.33824805
nd,20414,2015-07-06,17150,70443,24.34592507
nd,20414,2015-07-07,14307,53724,26.63055618
nd,20414,2015-07-08,25041,102068,24.53364424
nd,20414,2015-07-09,26295,116674,22.53715481
nd,20414,2015-07-11,27849,115153,24.18434604
nd,20414,2015-07-12,31636,119384,26.4993634
nd,20414,2015-07-13,34958,114066,30.64716918
nd,20414,2015-07-14,18185,85635,21.23547615
nd,20414,2015-07-15,5487,20528,26.72934528
nd,20414,2015-07-16,2664,22594,11.7907409
nd,20414,2015-07-17,1270,14402,8.818219692
nd,20414,2015-07-18,1979,19364,10.21999587
nd,20414,2015-07-19,1878,17921,10.47932593
nd,20414,2015-07-20,4386,39564,11.08583561
nd,20414,2015-07-21,5014,63550,7.889850511
nd,20414,2015-07-22,5048,53118,9.503369856
nd,20414,2015-07-23,6215,74094,8.38799363
nd,20414,2015-07-24,5278,87227,6.050878742
nd,20414,2015-07-25,6375,84060,7.583868665
nd,20414,2015-07-26,5966,77738,7.674496385
nd,20414,2015-07-27,8746,95697,9.139262464
nd,20414,2015-07-28,11156,129826,8.593039915
nd,20414,2015-07-29,8976,85306,10.52212037
nd,20414,2015-07-30,12385,182391,6.79035698
nd,20414,2015-07-31,17813,193319,9.214303819
nd,20414,2015-08-01,14836,189855,7.814384662
nd,20414,2015-08-02,12338,166197,7.423720043
nd,20420,2015-07-03,14062,126108,11.15075967
nd,20420,2015-07-04,45,50,90
nd,20420,2015-07-05,3,5,60
nd,20420,2015-07-06,3,13,23.07692308
nd,20420,2015-07-07,1,4,25
nd,20420,2015-07-08,1,1,100
nd,20420,2015-07-09,1,4,25
nd,20426,2015-07-03,3,3,100
nd,20426,2015-07-04,1,1,100
nd,20426,2015-07-06,1,9,11.11111111
nd,20426,2015-07-08,23922,85250,28.06099707
nd,20426,2015-07-09,44967,171589,26.20622534
nd,20426,2015-07-11,26167,105204,24.87262842
nd,20426,2015-07-12,28318,103541,27.34955235
nd,20426,2015-07-13,41630,144946,28.72104094
nd,20426,2015-07-14,51463,195712,26.2952706
nd,20426,2015-07-15,14910,56557,26.36278445
nd,20426,2015-07-16,57539,294670,19.52658907
nd,20426,2015-07-17,70881,572583,12.37916599
nd,20426,2015-07-18,73690,447032,16.48427853
nd,20426,2015-07-19,56195,325633,17.2571576
nd,20426,2015-07-20,84511,492268,17.16768102
nd,20426,2015-07-21,33930,216275,15.68835973
nd,20426,2015-07-22,31573,189748,16.63943757
nd,20426,2015-07-23,45199,240602,18.78579563
nd,20426,2015-07-24,63586,300336,21.17162112
nd,20426,2015-07-25,60726,315910,19.22256339
nd,20426,2015-07-26,65771,321242,20.47397289
nd,20426,2015-07-27,77798,613840,12.67398671
nd,20426,2015-07-28,90784,1170670,7.754875413
nd,20426,2015-07-29,79158,421366,18.78604349
nd,20426,2015-07-30,79304,437376,18.13176763
nd,20426,2015-07-31,14016,74018,18.9359345
nd,20426,2015-08-01,36298,109821,33.05196638
nd,20426,2015-08-02,36771,135677,27.10186693
nd,20433,2015-07-07,207194,862875,24.01205273
nd,20433,2015-07-08,256372,1767607,14.50390273
nd,20433,2015-07-09,267826,1746921,15.33131721
nd,20433,2015-07-10,71,73,97.26027397
nd,20433,2015-07-11,200804,1382652,14.52310487
nd,20433,2015-07-12,413,527,78.36812144
nd,20433,2015-07-13,237418,1080954,21.96374684
nd,20433,2015-07-14,173758,1165783,14.9048322
nd,20433,2015-07-15,52718,274538,19.20244192
nd,20433,2015-07-16,107664,574134,18.75241668
nd,20433,2015-07-17,173422,1066801,16.25626523
nd,20433,2015-07-18,173760,1063663,16.33600116
nd,20433,2015-07-19,99,95,104.2105263
nd,20433,2015-07-20,2,2,100
nd,20433,2015-07-21,12961,19620,66.06014271
nd,20433,2015-07-22,12011,18532,64.81221671
nd,20433,2015-07-23,11818,20455,57.77560499
nd,20433,2015-07-24,12512,20084,62.29834694
nd,20433,2015-07-25,12452,20170,61.73525037
nd,20433,2015-07-26,8414,20208,41.63697546
nd,20433,2015-07-27,8435,19937,42.30827105
nd,20433,2015-07-28,8819,20473,43.07624676
nd,20433,2015-07-29,9624,20935,45.97086219
nd,20433,2015-07-30,8542,21258,40.18251952
nd,20433,2015-07-31,7504,19897,37.71422828
nd,20433,2015-08-01,4383,10764,40.71906355
nd,20436,2015-07-13,1,4,25
nd,20436,2015-07-20,65675,228552,28.735255
nd,20436,2015-07-21,68511,222062,30.85219443
nd,20436,2015-07-22,78997,196079,40.28835316
nd,20436,2015-07-23,130039,834884,15.57569674
nd,20436,2015-07-24,98699,454847,21.69938463
nd,20436,2015-07-25,83076,255860,32.46931916
nd,20436,2015-07-26,78876,261816,30.12650105
nd,20436,2015-07-27,89038,300232,29.65639905
nd,20436,2015-07-28,96840,339469,28.52690525
nd,20436,2015-07-29,89732,303935,29.52341784
nd,20436,2015-07-30,107343,417078,25.73691252
nd,20436,2015-07-31,100473,407538,24.65365193
nd,20436,2015-08-01,99328,420615,23.61494478
nd,20436,2015-08-02,96794,365825,26.4590993
nd,20441,2015-07-19,32282,188253,17.1481995
nd,20441,2015-07-20,129838,588795,22.05147802
nd,20441,2015-07-21,146002,969470,15.05998123
nd,20441,2015-07-22,188866,1322295,14.28319702
nd,20441,2015-07-23,231321,2321578,9.963955551
nd,20441,2015-07-24,134804,1536060,8.775959272
nd,20441,2015-07-25,86936,524416,16.57767879
nd,20441,2015-07-26,9,9,100
nd,20441,2015-07-28,1,1,100
nd,20460,2015-08-01,2,2,100
nd,20460,2015-08-02,60573,383464,15.79626771
nd,20461,2015-07-30,105534,342717,30.79333678
nd,20461,2015-07-31,139765,572125,24.42910203
nd,20461,2015-08-01,166766,767684,21.72326113
nd,20461,2015-08-02,155930,706797,22.06149715
nd,20462,2015-07-30,19,19,100
nd,20462,2015-07-31,214014,876603,24.41401638
nd,20462,2015-08-01,196358,824825,23.80601946
nd,20462,2015-08-02,183968,762414,24.12967233
netmn,20217,2015-07-03,1,2,50
nfl,20267,2015-07-21,1,4,25
pdsqd,20269,2015-07-03,5,36885,0.013555646
pdsqd,20269,2015-07-04,1,44763,0.002233988
pdsqd,20269,2015-07-05,3,34481,0.008700444
pdsqd,20269,2015-07-06,3,77943,0.003848967
pdsqd,20269,2015-07-07,8,82639,0.009680659
pdsqd,20269,2015-07-08,6,126408,0.004746535
pdsqd,20269,2015-07-09,12,116464,0.010303613
pdsqd,20269,2015-07-11,7,39787,0.017593686
pdsqd,20269,2015-07-12,7,40421,0.017317731
pdsqd,20269,2015-07-13,8,40766,0.019624197
pdsqd,20269,2015-07-14,8,40417,0.019793651
pdsqd,20269,2015-07-15,5,24845,0.020124774
pdsqd,20269,2015-07-16,3,1753,0.171135197
pdsqd,20269,2015-07-17,11,41268,0.026655035
pdsqd,20269,2015-07-18,10,42379,0.023596593
pdsqd,20269,2015-07-19,12,39833,0.030125775
pdsqd,20269,2015-07-20,4,40969,0.00976348
pdsqd,20269,2015-07-21,3,38803,0.007731361
pdsqd,20269,2015-07-22,2,39488,0.00506483
pdsqd,20269,2015-07-23,2,4,50
pdsqd,20269,2015-07-24,3,18,16.66666667
pdsqd,20269,2015-07-25,3,8,37.5
pdsqd,20269,2015-07-26,1,6,16.66666667
pdsqd,20269,2015-07-27,1,2,50
pdsqd,20269,2015-07-28,2,16,12.5
pdsqd,20269,2015-07-31,2,18,11.11111111
pdsqd,20269,2015-08-02,2,12,16.66666667
pndra,20219,2015-07-03,1,262,0.381679389
pndra,20219,2015-07-04,1,260,0.384615385
pndra,20219,2015-07-05,1,260,0.384615385
pndra,20219,2015-07-06,1,256,0.390625
pndra,20219,2015-07-07,1,260,0.384615385
pndra,20219,2015-07-08,1,257,0.389105058
pndra,20219,2015-07-09,1,262,0.381679389
pndra,20219,2015-07-11,1,261,0.383141762
pndra,20219,2015-07-12,1,259,0.386100386
pndra,20219,2015-07-13,1,261,0.383141762
pndra,20219,2015-07-14,1,257,0.389105058
pndra,20219,2015-07-15,1,114,0.877192982
pndra,20219,2015-07-16,1,117,0.854700855
pndra,20219,2015-07-17,1,250,0.4
pndra,20219,2015-07-18,1,262,0.381679389
pndra,20219,2015-07-19,1,237,0.421940928
pndra,20219,2015-07-20,1,261,0.383141762
pndra,20219,2015-07-21,1,257,0.389105058
pndra,20219,2015-07-22,1,259,0.386100386
pndra,20219,2015-07-23,1,258,0.387596899
pndra,20219,2015-07-24,1,261,0.383141762
pndra,20219,2015-07-25,1,255,0.392156863
pndra,20219,2015-07-26,1,262,0.381679389
pndra,20219,2015-07-27,1,262,0.381679389
pndra,20219,2015-07-28,1,257,0.389105058
pndra,20219,2015-07-29,1,261,0.383141762
pndra,20219,2015-07-30,1,261,0.383141762
pndra,20219,2015-07-31,1,262,0.381679389
pndra,20219,2015-08-01,1,255,0.392156863
pndra,20219,2015-08-02,1,262,0.381679389
rfuel,20331,2015-07-15,2,5,40
rfuel,20331,2015-07-28,3,26,11.53846154
rfuel,20331,2015-07-29,140,221,63.34841629
rfuel,20331,2015-07-30,1,8,12.5
run,20221,2015-07-06,3,3,100
run,20221,2015-07-07,3,3,100
run,20221,2015-07-11,2,2,100
run,20221,2015-07-26,2,2,100
run,20221,2015-07-27,1,1,100
run,20221,2015-07-28,1,2,50
spark,20355,2015-07-28,1,1,100
spotx,20387,2015-07-16,1571,6166,25.4784301
spotx,20387,2015-07-17,4734,29400,16.10204082
spotx,20387,2015-07-18,4260,30927,13.77437191
spotx,20387,2015-07-19,3411,28014,12.17605483
spotx,20387,2015-07-20,4592,30160,15.22546419
spotx,20387,2015-07-21,2867,16225,17.67026194
spotx,20387,2015-07-22,6,6,100
spotx,20387,2015-07-23,2,2,100
spotx,20387,2015-07-24,1,1,100
startapp,20323,2015-07-03,32516,220006,14.77959692
startapp,20323,2015-07-04,28776,219127,13.1321106
startapp,20323,2015-07-05,30947,206194,15.00868114
startapp,20323,2015-07-06,34237,206006,16.61941885
startapp,20323,2015-07-07,38635,128644,30.03249277
startapp,20323,2015-07-08,44892,246361,18.22204001
startapp,20323,2015-07-09,34921,89384,39.06851338
startapp,20323,2015-07-11,15905,41247,38.56038015
startapp,20323,2015-07-12,13873,36142,38.38470478
startapp,20323,2015-07-13,12368,34192,36.17220402
startapp,20323,2015-07-14,14277,30954,46.12327971
startapp,20323,2015-07-15,6138,9357,65.59794806
startapp,20323,2015-07-16,32235,68880,46.79878049
startapp,20323,2015-07-17,21220,54121,39.20844035
startapp,20323,2015-07-18,18546,62502,29.67265048
startapp,20323,2015-07-19,19296,57150,33.76377953
startapp,20323,2015-07-20,15472,39885,38.79152564
startapp,20323,2015-07-21,12124,41509,29.20812354
startapp,20323,2015-07-22,14353,50181,28.6024591
startapp,20323,2015-07-23,13343,45380,29.40282063
startapp,20323,2015-07-24,11738,34942,33.59281094
startapp,20323,2015-07-25,13655,42618,32.04045239
startapp,20323,2015-07-26,14691,43989,33.39698561
startapp,20323,2015-07-27,22132,64551,34.28606838
startapp,20323,2015-07-28,30923,89501,34.55045195
startapp,20323,2015-07-29,31696,106904,29.64903091
startapp,20323,2015-07-30,37371,114168,32.73334034
startapp,20323,2015-07-31,32653,85107,38.36699684
startapp,20323,2015-08-01,23139,56781,40.75130766
startapp,20323,2015-08-02,13123,20338,64.52453535
think,20411,2015-07-06,872,3375,25.83703704
think,20411,2015-07-07,1260,3586,35.1366425
think,20411,2015-07-08,1539,5994,25.67567568
think,20411,2015-07-09,646,1586,40.73139975
think,20411,2015-07-11,1,1,100
think,20411,2015-07-13,2,2,100
think,20411,2015-07-14,1,2,50
think,20411,2015-07-17,2,2,100
think,20411,2015-07-18,1,1,100
think,20411,2015-07-19,1,1,100
think,20411,2015-07-24,1,12,8.333333333
think,20411,2015-07-27,1,9,11.11111111
think,20411,2015-07-28,1,10,10
think,20411,2015-07-29,1,4,25
think,20411,2015-07-30,1,7,14.28571429
think,20411,2015-07-31,1,3,33.33333333
time,20435,2015-07-23,1,154,0.649350649
time,20435,2015-07-24,1,739,0.135317997
time,20435,2015-07-27,1,47890,0.002088119
time,20435,2015-07-30,1,15848,0.006309944
tmogul,20365,2015-07-03,474308,520963,91.04446957
tmogul,20365,2015-07-04,443191,430015,103.0640792
tmogul,20365,2015-07-05,431976,436296,99.00984653
tmogul,20365,2015-07-06,825414,1619211,50.97630883
tmogul,20365,2015-07-07,299860,1149271,26.09132224
tmogul,20365,2015-07-08,205322,798348,25.71835841
tmogul,20381,2015-07-15,1,1,100
tmogul,20417,2015-07-08,22972,36838,62.35952006
tmogul,20417,2015-07-09,39653,67651,58.61406335
tmogul,20417,2015-07-10,1,1,100
tmogul,20417,2015-07-11,23651,37176,63.61900151
tmogul,20417,2015-07-12,28017,41179,68.03710629
tmogul,20417,2015-07-13,23382,38273,61.0926763
tmogul,20417,2015-07-14,23316,35649,65.40435917
tmogul,20417,2015-07-15,19015,23663,80.35752018
tmogul,20417,2015-07-16,10328,13837,74.64045675
tmogul,20417,2015-07-17,49133,78629,62.48712307
tmogul,20417,2015-07-18,24629,40404,60.95683596
tmogul,20417,2015-07-19,23466,35899,65.36672331
tmogul,20417,2015-07-20,28394,51939,54.66797589
tmogul,20417,2015-07-21,72381,127621,56.71558756
tmogul,20417,2015-07-22,55460,103874,53.39160906
tmogul,20417,2015-07-23,60294,139602,43.18992565
tmogul,20417,2015-07-24,61577,133932,45.97631634
tmogul,20417,2015-07-25,67068,130710,51.31053477
tmogul,20417,2015-07-26,58747,114887,51.13459312
tmogul,20417,2015-07-27,118766,230903,51.43545125
tmogul,20417,2015-07-28,97114,186669,52.02470683
tmogul,20417,2015-07-29,112853,217434,51.90218641
tmogul,20417,2015-07-30,111345,261627,42.55868087
tmogul,20417,2015-07-31,29670,47180,62.88681645
tmogul,20417,2015-08-01,142,199,71.35678392
tmogul,20417,2015-08-02,68,85,80
ttd,20450,2015-07-22,942,1099,85.71428571
ttd,20450,2015-07-23,16169,23024,70.22671994
ttd,20450,2015-07-24,13609,16272,83.63446411
ttd,20450,2015-07-25,9453,10209,92.59476932
ttd,20450,2015-07-26,10340,10579,97.74080726
ttd,20450,2015-07-27,9990,10533,94.84477357
ttd,20450,2015-07-28,6921,7075,97.82332155
ttd,20450,2015-07-29,2,7,28.57142857
ttd,20450,2015-07-30,1,3,33.33333333
usatd,20278,2015-07-09,1732,5021,34.49512049
yield,20432,2015-07-07,1,4,25
yield,20432,2015-07-30,2,18,11.11111111
yume,20430,2015-07-13,2,147,1.360544218
ziff,20302,2015-07-30,2,13,15.38461538
ziff,20302,2015-07-31,4997,9624,51.92227764
zom,20238,2015-07-05,1,3,33.33333333
zom,20238,2015-07-06,1,1,100
zom,20238,2015-07-09,2,2,100
zom,20238,2015-07-12,1,1,100
zom,20238,2015-07-16,2,19,10.52631579
zom,20238,2015-07-17,2,26,7.692307692
zom,20238,2015-07-23,2,2,100
zom,20238,2015-07-27,1,1,100
zom,20238,2015-07-28,1,1,100
zom,20238,2015-08-01,1,2,50
zom,20239,2015-07-04,1,1,100
zom,20239,2015-07-05,1,3,33.33333333
zom,20239,2015-07-06,1,1,100
zom,20239,2015-07-08,1,1,100
zom,20239,2015-07-09,2,2,100
zom,20239,2015-07-13,1,1,100
zom,20239,2015-07-14,1,2,50
zom,20239,2015-07-15,1,1,100
zom,20239,2015-07-16,3,20,15
zom,20239,2015-07-17,3,28,10.71428571
zom,20239,2015-07-21,1,1,100
zom,20239,2015-07-23,2,3,66.66666667
zom,20239,2015-07-27,2,3,66.66666667
zom,20239,2015-07-28,1,1,100
zom,20239,2015-08-01,1,2,50
zom,20289,2015-07-03,1,1,100
zom,20289,2015-07-08,1,1,100
zom,20289,2015-07-29,1,1,100
zom,20292,2015-07-19,1,1,100
zom,20294,2015-07-17,1,7,14.28571429
zom,20299,2015-07-03,4,627,0.637958533
zom,20299,2015-07-04,7,699,1.001430615
zom,20299,2015-07-05,13,329,3.951367781
zom,20299,2015-07-06,11,212,5.188679245
zom,20299,2015-07-07,6,275,2.181818182
zom,20299,2015-07-08,3,340,0.882352941
zom,20299,2015-07-09,3,1094,0.274223035
zom,20299,2015-07-10,4,14,28.57142857
zom,20299,2015-07-11,797615,9961795,8.006739749
zom,20299,2015-07-12,916603,10598400,8.648503548
zom,20299,2015-07-13,786621,10939033,7.190955544
zom,20299,2015-07-14,710410,10471895,6.783967945
zom,20299,2015-07-15,85,52430,0.162120923
zom,20299,2015-07-16,26,400578,0.006490621
zom,20299,2015-07-17,39,10267595,0.000379836
zom,20299,2015-07-18,31,13219649,0.000234499
zom,20299,2015-07-19,11,15195739,7.23887E-05
zom,20299,2015-07-20,12,38093,0.031501851
zom,20299,2015-07-21,5,816,0.612745098
zom,20299,2015-07-22,2,1214,0.164744646
zom,20299,2015-07-23,4,15043279,2.65899E-05
zom,20299,2015-07-24,3,15621655,1.92041E-05
zom,20299,2015-07-25,3,14455129,2.07539E-05
zom,20299,2015-07-26,3,19561863,1.5336E-05
zom,20299,2015-07-27,5,33806,0.014790274
zom,20299,2015-07-28,2,473,0.422832981
zom,20299,2015-07-29,3,860,0.348837209
zom,20299,2015-07-30,3,8496567,3.53084E-05
zom,20299,2015-07-31,2,21262528,9.40622E-06
zom,20299,2015-08-01,2,9137966,2.18867E-05
zom,20299,2015-08-02,4,9213242,4.34158E-05
zom,20304,2015-07-03,64,59,108.4745763
zom,20304,2015-07-04,56,53,105.6603774
zom,20304,2015-07-05,68,65,104.6153846
zom,20304,2015-07-06,53,56,94.64285714
zom,20304,2015-07-07,57,59,96.61016949
zom,20304,2015-07-08,43,44,97.72727273
zom,20304,2015-07-09,30,30,100
zom,20304,2015-07-11,29,27,107.4074074
zom,20304,2015-07-12,51,52,98.07692308
zom,20304,2015-07-13,40,39,102.5641026
zom,20304,2015-07-14,39,39,100
zom,20304,2015-07-15,5,5,100
zom,20304,2015-07-16,22,24,91.66666667
zom,20304,2015-07-17,24,25,96
zom,20304,2015-07-18,36,36,100
zom,20304,2015-07-19,36,38,94.73684211
zom,20304,2015-07-20,34,33,103.030303
zom,20304,2015-07-21,32,34,94.11764706
zom,20304,2015-07-22,24,24,100
zom,20304,2015-07-23,22,21,104.7619048
zom,20304,2015-07-24,20,19,105.2631579
zom,20304,2015-07-25,26,27,96.2962963
zom,20304,2015-07-26,26,25,104
zom,20304,2015-07-27,33,33,100
zom,20304,2015-07-28,34,32,106.25
zom,20304,2015-07-29,9,10,90
zom,20304,2015-07-30,13,15,86.66666667
zom,20304,2015-07-31,15,15,100
zom,20304,2015-08-01,25,24,104.1666667
zom,20304,2015-08-02,40,40,100
zom,20310,2015-07-03,67938,274115,24.78448826
zom,20310,2015-07-04,56416,201396,28.01247294
zom,20310,2015-07-05,65381,261438,25.00822375
zom,20310,2015-07-06,88313,364625,24.22022626
zom,20310,2015-07-07,98144,398887,24.60446192
zom,20310,2015-07-08,109045,410855,26.54099378
zom,20310,2015-07-09,92069,420946,21.87192657
zom,20310,2015-07-10,3,3,100
zom,20310,2015-07-11,75358,376156,20.03370942
zom,20310,2015-07-12,75011,366150,20.48641267
zom,20310,2015-07-13,67644,338903,19.95969348
zom,20310,2015-07-14,79446,349025,22.76226631
zom,20310,2015-07-15,25087,117057,21.43143938
zom,20310,2015-07-16,55920,179072,31.22766262
zom,20310,2015-07-17,31299,95108,32.90890356
zom,20310,2015-07-18,20897,60352,34.62519883
zom,20310,2015-07-19,21995,72575,30.3065794
zom,20310,2015-07-20,89831,293202,30.63792198
zom,20310,2015-07-21,92716,441811,20.985444
zom,20310,2015-07-22,93651,476271,19.66338492
zom,20310,2015-07-23,80366,438154,18.34195283
zom,20310,2015-07-24,79159,364664,21.70737994
zom,20310,2015-07-25,83150,386203,21.53012794
zom,20310,2015-07-26,76655,361223,21.22096323
zom,20310,2015-07-27,86210,360176,23.93552041
zom,20310,2015-07-28,84200,378717,22.23296023
zom,20310,2015-07-29,72696,272633,26.664417
zom,20310,2015-07-30,149693,794469,18.84189314
zom,20310,2015-07-31,160363,964928,16.61916744
zom,20310,2015-08-01,136488,805788,16.93845031
zom,20310,2015-08-02,110570,662317,16.69442276
zom,20321,2015-07-03,81409,196938,41.33737521
zom,20321,2015-07-04,34,33,103.030303
zom,20321,2015-07-05,2,2,100
zom,20321,2015-07-06,4,4,100
zom,20321,2015-07-07,3,3,100
zom,20321,2015-07-08,1,1,100
zom,20321,2015-07-13,77734,169441,45.87673585
zom,20321,2015-07-14,74433,190115,39.15156616
zom,20321,2015-07-15,43213,120343,35.90819574
zom,20321,2015-07-16,31845,75125,42.38935108
zom,20321,2015-07-17,108318,227330,47.64791273
zom,20321,2015-07-18,116554,233878,49.83538426
zom,20321,2015-07-19,88744,188377,47.10978516
zom,20321,2015-07-20,71127,140295,50.69817171
zom,20321,2015-07-21,66131,200672,32.95477197
zom,20321,2015-07-22,76675,229731,33.37599192
zom,20321,2015-07-23,80437,246971,32.56941098
zom,20321,2015-07-24,80414,246226,32.65861444
zom,20321,2015-07-25,73644,258636,28.47399434
zom,20321,2015-07-26,89609,265095,33.80259907
zom,20321,2015-07-27,434,1971,22.01927955
zom,20321,2015-07-28,11,12,91.66666667
zom,20321,2015-07-29,7,7,100
zom,20321,2015-07-30,4,4,100
zom,20321,2015-07-31,8,8,100
zom,20321,2015-08-01,3,3,100
zom,20324,2015-07-03,15,16,93.75
zom,20324,2015-07-04,13,13,100
zom,20324,2015-07-05,26,25,104
zom,20324,2015-07-06,20,19,105.2631579
zom,20324,2015-07-07,19,19,100
zom,20324,2015-07-08,25,24,104.1666667
zom,20324,2015-07-09,11,11,100
zom,20324,2015-07-11,6,6,100
zom,20324,2015-07-12,13,13,100
zom,20324,2015-07-13,18,17,105.8823529
zom,20324,2015-07-14,9,9,100
zom,20324,2015-07-15,2,2,100
zom,20324,2015-07-16,9,9,100
zom,20324,2015-07-17,3,3,100
zom,20324,2015-07-18,7,7,100
zom,20324,2015-07-19,12,12,100
zom,20324,2015-07-20,12,12,100
zom,20324,2015-07-21,7,7,100
zom,20324,2015-07-22,5,5,100
zom,20324,2015-07-23,9,9,100
zom,20324,2015-07-24,7,7,100
zom,20324,2015-07-25,6,6,100
zom,20324,2015-07-26,10,10,100
zom,20324,2015-07-27,8,8,100
zom,20324,2015-07-28,10,12,83.33333333
zom,20324,2015-07-29,3,3,100
zom,20324,2015-07-30,1,1,100
zom,20324,2015-07-31,6,6,100
zom,20324,2015-08-01,4,4,100
zom,20324,2015-08-02,14,14,100
zom,20348,2015-07-03,5,12,41.66666667
zom,20348,2015-07-05,3,3,100
zom,20348,2015-07-06,3,8,37.5
zom,20348,2015-07-07,1,6,16.66666667
zom,20348,2015-07-08,2,2,100
zom,20348,2015-07-09,1,1,100
zom,20348,2015-07-12,1,1,100
zom,20348,2015-07-14,1,1,100
zom,20348,2015-07-17,2,2,100
zom,20348,2015-07-20,2,2,100
zom,20348,2015-07-21,1,1,100
zom,20348,2015-07-25,1,1,100
zom,20348,2015-07-26,1,1,100
zom,20348,2015-07-28,1,1,100
zom,20351,2015-07-03,1492,4488,33.24420677
zom,20351,2015-07-04,834,1209,68.98263027
zom,20351,2015-07-05,1124,1522,73.85019711
zom,20351,2015-07-06,11393,22143,51.45192612
zom,20351,2015-07-07,11014,27258,40.40648617
zom,20351,2015-07-08,12084,38617,31.29191807
zom,20351,2015-07-09,12194,30452,40.04334691
zom,20351,2015-07-10,2,2,100
zom,20351,2015-07-11,6960,26837,25.93434438
zom,20351,2015-07-12,6390,24630,25.94397077
zom,20351,2015-07-13,6430,21605,29.76162925
zom,20351,2015-07-14,11642,29609,39.31912594
zom,20351,2015-07-15,25333,67975,37.26811328
zom,20351,2015-07-16,34126,124195,27.47775675
zom,20351,2015-07-17,57367,222947,25.7312276
zom,20351,2015-07-18,69974,243236,28.76794553
zom,20351,2015-07-19,32577,83457,39.03447284
zom,20351,2015-07-20,27037,70152,38.54059756
zom,20351,2015-07-21,32026,102658,31.19678934
zom,20351,2015-07-22,26249,101979,25.73961306
zom,20351,2015-07-23,21978,91490,24.02229752
zom,20351,2015-07-24,31297,108824,28.75928104
zom,20351,2015-07-25,34370,131903,26.05702675
zom,20351,2015-07-26,34346,142832,24.04643217
zom,20351,2015-07-27,43248,147621,29.29664479
zom,20351,2015-07-28,43146,136279,31.66005034
zom,20351,2015-07-29,96801,381897,25.34741043
zom,20351,2015-07-30,202040,1012733,19.94997694
zom,20351,2015-07-31,173415,889974,19.4854007
zom,20351,2015-08-01,132053,714598,18.47934083
zom,20351,2015-08-02,46982,205426,22.87052272
zom,20367,2015-07-06,1,1,100
zom,20367,2015-07-07,1,1,100
zom,20367,2015-07-08,1,1,100
zom,20367,2015-07-12,1,1,100
zom,20367,2015-07-13,1,1,100
zom,20367,2015-08-02,1,1,100
zom,20370,2015-07-03,1,4,25
zom,20371,2015-07-03,1,4,25
zom,20371,2015-07-05,1,4,25
zom,20372,2015-07-03,24925,59909,41.60476723
zom,20372,2015-07-04,25870,85107,30.39702962
zom,20372,2015-07-05,28257,89775,31.47535505
zom,20372,2015-07-06,27339,90258,30.2898358
zom,20372,2015-07-07,36134,152676,23.66711205
zom,20372,2015-07-08,35943,164722,21.82040043
zom,20372,2015-07-09,44059,175959,25.03935576
zom,20372,2015-07-10,9,17,52.94117647
zom,20372,2015-07-11,41269,365847,11.28039864
zom,20372,2015-07-12,40165,555463,7.230904669
zom,20372,2015-07-13,44070,350903,12.55902628
zom,20372,2015-07-14,43626,407095,10.71641754
zom,20372,2015-07-15,6993,294246,2.376582859
zom,20372,2015-07-16,25672,400267,6.413718843
zom,20372,2015-07-17,34868,560038,6.226006092
zom,20372,2015-07-18,28221,530815,5.316541545
zom,20372,2015-07-19,32709,679277,4.81526682
zom,20372,2015-07-20,32683,718878,4.546390347
zom,20372,2015-07-21,29608,556425,5.321112459
zom,20372,2015-07-22,38108,567170,6.718973147
zom,20372,2015-07-23,29331,588535,4.983730789
zom,20372,2015-07-24,32882,618138,5.319524119
zom,20372,2015-07-25,30274,587097,5.156558456
zom,20372,2015-07-26,34125,848256,4.02296005
zom,20372,2015-07-27,25680,833553,3.080787904
zom,20372,2015-07-28,21430,713152,3.004969488
zom,20372,2015-07-29,25626,626317,4.09153831
zom,20372,2015-07-30,28546,692445,4.122493483
zom,20372,2015-07-31,28480,668946,4.2574438
zom,20372,2015-08-01,31479,505996,6.221195424
zom,20372,2015-08-02,31243,665317,4.695956965
zom,20373,2015-07-03,10,10,100
zom,20373,2015-07-04,2,2,100
zom,20373,2015-07-05,4,4,100
zom,20373,2015-07-06,9,10,90
zom,20373,2015-07-07,5,5,100
zom,20373,2015-07-08,5,5,100
zom,20373,2015-07-09,6,6,100
zom,20373,2015-07-11,4,4,100
zom,20373,2015-07-12,2,2,100
zom,20373,2015-07-13,5,5,100
zom,20373,2015-07-14,1,1,100
zom,20373,2015-07-16,4,21,19.04761905
zom,20373,2015-07-17,5,28,17.85714286
zom,20373,2015-07-18,2,2,100
zom,20373,2015-07-19,3,3,100
zom,20373,2015-07-20,3,3,100
zom,20373,2015-07-21,3,3,100
zom,20373,2015-07-22,3,3,100
zom,20373,2015-07-23,2,2,100
zom,20373,2015-07-24,4,4,100
zom,20373,2015-07-25,2,2,100
zom,20373,2015-07-26,4,4,100
zom,20373,2015-07-27,2,2,100
zom,20373,2015-07-28,3,3,100
zom,20373,2015-08-01,4,4,100
zom,20373,2015-08-02,2,2,100
zom,20374,2015-07-03,1,30,3.333333333
zom,20374,2015-07-05,1,1,100
zom,20375,2015-07-03,5,63,7.936507937
zom,20375,2015-07-04,4,32,12.5
zom,20375,2015-07-05,3,37,8.108108108
zom,20375,2015-07-06,2,21,9.523809524
zom,20375,2015-07-07,2,27,7.407407407
zom,20375,2015-07-08,3,19,15.78947368
zom,20375,2015-07-09,1,4,25
zom,20375,2015-07-11,2,5,40
zom,20375,2015-07-12,2,4,50
zom,20375,2015-07-13,4,10,40
zom,20375,2015-07-14,2,7,28.57142857
zom,20375,2015-07-15,1,2,50
zom,20375,2015-07-16,2,2,100
zom,20375,2015-07-17,2,4,50
zom,20375,2015-07-18,1,2,50
zom,20375,2015-07-19,2,3,66.66666667
zom,20375,2015-07-20,2,5,40
zom,20375,2015-07-21,3,4,75
zom,20375,2015-07-22,2,3,66.66666667
zom,20375,2015-07-23,2,6,33.33333333
zom,20375,2015-07-24,1,3,33.33333333
zom,20375,2015-07-25,2,3,66.66666667
zom,20375,2015-07-26,2,5,40
zom,20375,2015-07-27,2,2,100
zom,20375,2015-07-29,1,4,25
zom,20375,2015-07-30,1,3,33.33333333
zom,20375,2015-07-31,2,5,40
zom,20375,2015-08-01,3,10,30
zom,20375,2015-08-02,1,3,33.33333333
zom,20376,2015-07-04,1,1,100
zom,20376,2015-07-05,1,1,100
zom,20376,2015-07-07,1,1,100
zom,20376,2015-07-11,1,1,100
zom,20376,2015-07-27,1,1,100
zom,20377,2015-07-03,1,1,100
zom,20377,2015-07-08,1,6492,0.015403574
zom,20377,2015-07-09,1,3,33.33333333
zom,20377,2015-07-19,1,2,50
zom,20377,2015-07-29,1,1,100
zom,20377,2015-07-30,1,1,100
zom,20378,2015-07-03,34047,282051,12.07122116
zom,20378,2015-07-04,32819,284895,11.51968269
zom,20378,2015-07-05,29785,287893,10.34585766
zom,20378,2015-07-06,54259,366618,14.79987344
zom,20378,2015-07-07,121135,689607,17.56580197
zom,20378,2015-07-08,193894,963510,20.12371434
zom,20378,2015-07-09,171873,808696,21.25310376
zom,20378,2015-07-10,8,11,72.72727273
zom,20378,2015-07-11,130092,919262,14.15178698
zom,20378,2015-07-12,114238,831696,13.7355476
zom,20378,2015-07-13,209583,1303193,16.0822687
zom,20378,2015-07-14,224191,1406284,15.94208567
zom,20378,2015-07-15,95514,497254,19.20829194
zom,20378,2015-07-16,70139,392737,17.85902525
zom,20378,2015-07-17,153975,1000643,15.38760577
zom,20378,2015-07-18,148191,1096348,13.51678482
zom,20378,2015-07-19,151684,1009736,15.0221444
zom,20378,2015-07-20,220575,1274216,17.31064435
zom,20378,2015-07-21,238810,1391395,17.16335045
zom,20378,2015-07-22,210843,1254307,16.80952111
zom,20378,2015-07-23,206857,1099576,18.81243316
zom,20378,2015-07-24,197849,1066400,18.552982
zom,20378,2015-07-25,179692,988459,18.17900388
zom,20378,2015-07-26,180009,1058391,17.00779769
zom,20378,2015-07-27,156910,838195,18.71998759
zom,20378,2015-07-28,115967,404421,28.67482153
zom,20378,2015-07-29,90822,324966,27.94815458
zom,20378,2015-07-30,124995,369656,33.81387019
zom,20378,2015-07-31,136857,316168,43.28616432
zom,20378,2015-08-01,75,91,82.41758242
zom,20378,2015-08-02,5,16,31.25
zom,20386,2015-07-31,15942,88274,18.05967782
zom,20386,2015-08-01,30959,340106,9.102750319
zom,20386,2015-08-02,7797,111916,6.966832267
zom,20399,2015-07-03,3859,15579,24.77052442
zom,20399,2015-07-04,2322,6674,34.7917291
zom,20399,2015-07-05,71,1306,5.436447167
zom,20399,2015-07-06,2,34,5.882352941
zom,20399,2015-07-07,1,20,5
zom,20399,2015-07-08,1,6,16.66666667
zom,20399,2015-07-09,18015,27197,66.23892341
zom,20399,2015-07-10,7,10,70
zom,20399,2015-07-11,95471,234135,40.77604801
zom,20399,2015-07-12,92917,226529,41.01770634
zom,20399,2015-07-13,107011,212532,50.35053545
zom,20399,2015-07-14,123793,331593,37.33281463
zom,20399,2015-07-15,48382,108988,44.39204316
zom,20399,2015-07-16,79305,203146,39.03842557
zom,20399,2015-07-17,59518,234818,25.34643852
zom,20399,2015-07-18,28300,90170,31.38516136
zom,20399,2015-07-19,13203,21654,60.97256858
zom,20399,2015-07-20,69406,124028,55.95994453
zom,20399,2015-07-21,97543,211765,46.06190825
zom,20399,2015-07-22,90731,401731,22.58501335
zom,20399,2015-07-23,105844,497914,21.25748623
zom,20399,2015-07-24,133346,450738,29.5839268
zom,20399,2015-07-25,192916,807450,23.8920057
zom,20399,2015-07-26,217607,703369,30.937815
zom,20399,2015-07-27,170036,566440,30.01836029
zom,20399,2015-07-28,136593,558924,24.4385641
zom,20399,2015-07-29,91521,445402,20.54795443
zom,20399,2015-07-30,165684,664869,24.91979623
zom,20399,2015-07-31,124511,852255,14.60959455
zom,20399,2015-08-01,134807,918895,14.6705554
zom,20399,2015-08-02,39546,285319,13.86027569
zom,20400,2015-07-03,532,4599,11.56773212
zom,20400,2015-07-04,576,5745,10.02610966
zom,20400,2015-07-05,585,5259,11.12378779
zom,20400,2015-07-06,576,4965,11.60120846
zom,20400,2015-07-07,517,5031,10.27628702
zom,20400,2015-07-08,429,5012,8.559457302
zom,20400,2015-07-09,509,5001,10.17796441
zom,20400,2015-07-11,596,4803,12.4089111
zom,20400,2015-07-12,628,5030,12.48508946
zom,20400,2015-07-13,657,4902,13.40269278
zom,20400,2015-07-14,585,4260,13.73239437
zom,20400,2015-07-15,228,1617,14.10018553
zom,20400,2015-07-16,270,1672,16.14832536
zom,20400,2015-07-17,457,4853,9.416855553
zom,20400,2015-07-18,524,4502,11.63927143
zom,20400,2015-07-19,475,4365,10.88201604
zom,20400,2015-07-20,502,4578,10.96548711
zom,20400,2015-07-21,567,5389,10.52143255
zom,20400,2015-07-22,495,4663,10.61548359
zom,20400,2015-07-23,389,5797,6.710367431
zom,20400,2015-07-24,576,4586,12.55996511
zom,20400,2015-07-25,488,4606,10.59487625
zom,20400,2015-07-26,558,4622,12.0726958
zom,20400,2015-07-27,482,4530,10.6401766
zom,20400,2015-07-28,596,4763,12.51312198
zom,20400,2015-07-29,576,4774,12.065354
zom,20400,2015-07-30,617,5561,11.09512678
zom,20400,2015-07-31,242987,1674093,14.51454609
zom,20400,2015-08-01,246979,1719075,14.36697061
zom,20400,2015-08-02,151323,1246665,12.13822478
zom,20404,2015-07-03,20688,132570,15.60534057
zom,20404,2015-07-04,23217,116842,19.87042331
zom,20404,2015-07-05,21482,131407,16.34768315
zom,20404,2015-07-06,24348,154659,15.74302174
zom,20404,2015-07-07,29433,131668,22.35395085
zom,20404,2015-07-08,36205,190565,18.99876682
zom,20404,2015-07-09,43623,228730,19.07183142
zom,20404,2015-07-10,1,1,100
zom,20404,2015-07-11,40112,200487,20.00728227
zom,20404,2015-07-12,36855,169159,21.7871943
zom,20404,2015-07-13,33571,141179,23.77903229
zom,20404,2015-07-14,25739,123675,20.81180513
zom,20404,2015-07-15,11611,42998,27.00358156
zom,20404,2015-07-16,14279,38767,36.83287332
zom,20404,2015-07-17,5185,11881,43.64110765
zom,20404,2015-07-18,2411,5320,45.31954887
zom,20404,2015-07-19,2800,6075,46.09053498
zom,20404,2015-07-20,18122,54957,32.97487126
zom,20404,2015-07-21,25396,97731,25.98561357
zom,20404,2015-07-22,24294,96199,25.25390077
zom,20404,2015-07-23,25885,98703,26.22514007
zom,20404,2015-07-24,37649,280659,13.41449945
zom,20404,2015-07-25,19881,188674,10.53722293
zom,20404,2015-07-26,7429,103580,7.172234022
zom,20404,2015-07-27,5786,56640,10.21539548
zom,20404,2015-07-28,7855,96930,8.103786237
zom,20404,2015-07-29,7562,145888,5.183428383
zom,20404,2015-07-30,9220,196685,4.687698604
zom,20404,2015-07-31,9337,171026,5.459403833
zom,20404,2015-08-01,59,102,57.84313725
zom,20404,2015-08-02,2,2,100
zom,20408,2015-07-03,5,97,5.154639175
zom,20408,2015-07-04,2,57,3.50877193
zom,20408,2015-07-05,4,64,6.25
zom,20408,2015-07-06,5,47,10.63829787
zom,20408,2015-07-07,1,16,6.25
zom,20408,2015-07-08,1,9,11.11111111
zom,20408,2015-07-09,2,7,28.57142857
zom,20408,2015-07-11,1,12,8.333333333
zom,20408,2015-07-12,1,5,20
zom,20408,2015-07-13,1,10,10
zom,20408,2015-07-14,1,3,33.33333333
zom,20408,2015-07-15,1,3,33.33333333
zom,20408,2015-07-16,1,1,100
zom,20408,2015-07-17,1,9,11.11111111
zom,20408,2015-07-18,1,7,14.28571429
zom,20408,2015-07-19,2,8,25
zom,20408,2015-07-20,1,6,16.66666667
zom,20408,2015-07-21,1,5,20
zom,20408,2015-07-22,1,3,33.33333333
zom,20408,2015-07-23,1,3,33.33333333
zom,20408,2015-07-24,1,5,20
zom,20408,2015-07-25,1,5,20
zom,20408,2015-07-26,1,3,33.33333333
zom,20408,2015-07-27,1,6,16.66666667
zom,20408,2015-07-28,1,5,20
zom,20408,2015-07-29,1,4,25
zom,20408,2015-07-30,1,1,100
zom,20408,2015-07-31,1,2,50
zom,20408,2015-08-01,1,2,50
zom,20408,2015-08-02,1,1,100
zom,20418,2015-07-04,1,1,100
zom,20418,2015-07-05,1,1,100
zom,20418,2015-07-06,1,5,20
zom,20418,2015-07-07,1,2,50
zom,20418,2015-07-08,1,3,33.33333333
zom,20418,2015-07-11,1,1,100
zom,20418,2015-07-17,1,1,100
zom,20418,2015-07-18,1,1,100
zom,20418,2015-07-21,2,2,100
zom,20418,2015-07-23,1,1,100
zom,20418,2015-08-02,1,1,100
zom,20419,2015-07-03,18126,465095,3.8972683
zom,20419,2015-07-04,11922,442123,2.696534675
zom,20419,2015-07-05,13875,454719,3.051335
zom,20419,2015-07-06,13802,444736,3.10341416
zom,20419,2015-07-07,13914,461027,3.018044496
zom,20419,2015-07-08,12915,434297,2.973771405
zom,20419,2015-07-09,18826,471830,3.989996397
zom,20419,2015-07-10,8,57,14.03508772
zom,20419,2015-07-11,39416,598839,6.582069638
zom,20419,2015-07-12,36976,620812,5.956070437
zom,20419,2015-07-13,20657,1636940,1.261927743
zom,20419,2015-07-14,20626,1148568,1.795801381
zom,20419,2015-07-15,8452,415026,2.036498918
zom,20419,2015-07-16,2215,326741,0.677906966
zom,20419,2015-07-17,429,473266,0.090646698
zom,20419,2015-07-18,4,173,2.312138728
zom,20419,2015-07-19,1,114,0.877192982
zom,20419,2015-07-20,2,88,2.272727273
zom,20419,2015-07-21,1,65,1.538461538
zom,20419,2015-07-22,1,54,1.851851852
zom,20419,2015-07-23,1,36,2.777777778
zom,20419,2015-07-24,1,20,5
zom,20419,2015-07-25,1,8,12.5
zom,20419,2015-07-26,1,12,8.333333333
zom,20419,2015-07-27,1,9,11.11111111
zom,20419,2015-07-28,1,3,33.33333333
zom,20419,2015-07-29,1,4,25
zom,20419,2015-07-30,1,12,8.333333333
zom,20419,2015-07-31,1,5,20
zom,20419,2015-08-01,1,4,25
zom,20419,2015-08-02,1,3,33.33333333
zom,20424,2015-07-03,451,1513,29.80832783
zom,20424,2015-07-04,308,535,57.57009346
zom,20424,2015-07-05,343,690,49.71014493
zom,20424,2015-07-06,2118,4288,49.39365672
zom,20424,2015-07-07,2594,6597,39.32090344
zom,20424,2015-07-08,2791,9702,28.76726448
zom,20424,2015-07-09,2584,8714,29.65343126
zom,20424,2015-07-11,1348,7533,17.89459711
zom,20424,2015-07-12,1166,6739,17.30227037
zom,20424,2015-07-13,1376,18444,7.460420733
zom,20424,2015-07-14,1867,30903,6.041484646
zom,20424,2015-07-15,735,8613,8.533611982
zom,20424,2015-07-16,974,53242,1.829382818
zom,20424,2015-07-17,1285,89251,1.439759779
zom,20424,2015-07-18,1294,84758,1.526699545
zom,20424,2015-07-19,1716,84323,2.03503196
zom,20424,2015-07-20,2041,96339,2.1185605
zom,20424,2015-07-21,1896,106461,1.780933863
zom,20424,2015-07-22,1829,104379,1.752268177
zom,20424,2015-07-23,1681,101109,1.662562185
zom,20424,2015-07-24,1578,106056,1.487893189
zom,20424,2015-07-25,1669,102441,1.629230484
zom,20424,2015-07-26,1915,105232,1.819788657
zom,20424,2015-07-27,97665,664391,14.6999282
zom,20424,2015-07-28,32588,377501,8.632559914
zom,20424,2015-07-29,18822,256087,7.349845951
zom,20424,2015-07-30,31308,381122,8.214692408
zom,20424,2015-07-31,38429,482872,7.958423764
zom,20424,2015-08-01,18323,152544,12.01161632
zom,20424,2015-08-02,15005,100596,14.91610004
zom,20425,2015-07-09,28177,153572,18.34774568
zom,20425,2015-07-10,1,1,100
zom,20425,2015-07-11,83620,528883,15.81068024
zom,20425,2015-07-12,112695,701455,16.06589161
zom,20425,2015-07-13,36519,220027,16.59750849
zom,20425,2015-07-14,117,134,87.31343284
zom,20425,2015-07-15,31,35,88.57142857
zom,20425,2015-07-16,19,19,100
zom,20425,2015-07-17,48,56,85.71428571
zom,20425,2015-07-18,47,51,92.15686275
zom,20425,2015-07-19,11,11,100
zom,20425,2015-07-21,23407,68543,34.14936609
zom,20425,2015-07-22,26024,105755,24.60781996
zom,20425,2015-07-23,24790,75710,32.74336283
zom,20425,2015-07-24,26024,141425,18.40127276
zom,20425,2015-07-25,69032,343784,20.08005026
zom,20425,2015-07-26,69829,396177,17.6257077
zom,20425,2015-07-27,92270,654994,14.08715194
zom,20425,2015-07-28,78931,910506,8.668915965
zom,20425,2015-07-29,66352,544833,12.17841063
zom,20425,2015-07-30,41548,399550,10.39869854
zom,20425,2015-07-31,16848,141679,11.89167061
zom,20425,2015-08-01,6,7,85.71428571
zom,20427,2015-07-06,134473,136283,98.67188131
zom,20427,2015-07-07,119303,143624,83.06620063
zom,20427,2015-07-08,125262,223854,55.95700769
zom,20427,2015-07-09,77438,200206,38.67916046
zom,20427,2015-07-10,29,29,100
zom,20427,2015-07-11,97605,251306,38.83910452
zom,20427,2015-07-12,106119,254797,41.64844955
zom,20427,2015-07-13,95678,270117,35.42094722
zom,20427,2015-07-14,120432,277896,43.33707574
zom,20427,2015-07-15,56010,105428,53.12630421
zom,20427,2015-07-16,110204,231530,47.59815143
zom,20427,2015-07-17,131532,312164,42.13554414
zom,20427,2015-07-18,130199,305306,42.64541149
zom,20427,2015-07-19,120908,294679,41.03040936
zom,20427,2015-07-20,118478,341720,34.67107573
zom,20427,2015-07-21,92643,365021,25.38018361
zom,20427,2015-07-22,108240,369000,29.33333333
zom,20427,2015-07-23,98826,363861,27.16037168
zom,20427,2015-07-24,87601,278886,31.4110425
zom,20427,2015-07-25,77865,282604,27.55268857
zom,20427,2015-07-26,97644,317125,30.79038234
zom,20427,2015-07-27,85062,295423,28.79328962
zom,20427,2015-07-28,98504,305356,32.25874062
zom,20427,2015-07-29,97752,299946,32.58986618
zom,20427,2015-07-30,129861,333989,38.88181946
zom,20427,2015-07-31,117152,301448,38.8630875
zom,20427,2015-08-01,93801,286465,32.74431431
zom,20427,2015-08-02,116846,299564,39.00535445
zom,20429,2015-07-06,102703,107064,95.92673541
zom,20429,2015-07-07,96597,97146,99.43487122
zom,20429,2015-07-08,132142,178323,74.10261155
zom,20429,2015-07-09,92387,176643,52.30153473
zom,20429,2015-07-10,2,2,100
zom,20429,2015-07-11,89078,182334,48.85430035
zom,20429,2015-07-12,74650,191278,39.02696599
zom,20429,2015-07-13,73364,191951,38.22017077
zom,20429,2015-07-14,70827,180050,39.33740628
zom,20429,2015-07-15,28626,48266,59.30883023
zom,20429,2015-07-16,104363,145768,71.59527468
zom,20429,2015-07-17,191949,265585,72.27403656
zom,20429,2015-07-18,201898,278524,72.48854677
zom,20429,2015-07-19,177163,251238,70.51600474
zom,20429,2015-07-20,190371,281199,67.69974289
zom,20429,2015-07-21,218647,677543,32.27057176
zom,20429,2015-07-22,257427,715625,35.97233188
zom,20429,2015-07-23,288018,676191,42.59417827
zom,20429,2015-07-24,262796,690811,38.04166407
zom,20429,2015-07-25,292996,685177,42.76208921
zom,20429,2015-07-26,292067,707426,41.28587301
zom,20429,2015-07-27,319261,727841,43.86411318
zom,20429,2015-07-28,299082,801325,37.32343306
zom,20429,2015-07-29,229794,957622,23.99631587
zom,20429,2015-07-30,238094,3420994,6.959790049
zom,20429,2015-07-31,266531,2509677,10.62013159
zom,20429,2015-08-01,236570,375135,63.06263079
zom,20429,2015-08-02,285232,371931,76.68949348
zom,20434,2015-07-10,1,1,100
zom,20434,2015-07-11,179931,477143,37.71007853
zom,20434,2015-07-12,166462,380704,43.72478356
zom,20434,2015-07-13,158887,356418,44.57883721
zom,20434,2015-07-14,148449,480253,30.91058255
zom,20434,2015-07-15,58903,308243,19.10927418
zom,20434,2015-07-16,384940,1127007,34.15595467
zom,20434,2015-07-17,671300,2411904,27.83278273
zom,20434,2015-07-18,645422,2285732,28.23699366
zom,20434,2015-07-19,618809,2041825,30.30666193
zom,20434,2015-07-20,586640,2391053,24.53479701
zom,20434,2015-07-21,492470,2616277,18.82331267
zom,20434,2015-07-22,474544,795124,59.68176033
zom,20434,2015-07-23,157671,254033,62.06713301
zom,20434,2015-07-24,22,36,61.11111111
zom,20434,2015-07-25,11,14,78.57142857
zom,20434,2015-07-26,7,9,77.77777778
zom,20434,2015-07-27,4,7,57.14285714
zom,20434,2015-07-28,3,3,100
zom,20434,2015-07-29,2,4,50
zom,20434,2015-07-30,2,4,50
zom,20434,2015-07-31,1,2,50
zom,20434,2015-08-01,1,1,100
zom,20434,2015-08-02,4,7,57.14285714
zom,20448,2015-07-21,14040,77299,18.16323626
zom,20448,2015-07-22,20088,95422,21.05174907
zom,20448,2015-07-23,16014,121774,13.15059044
zom,20448,2015-07-24,16205,129155,12.54693972
zom,20448,2015-07-25,16091,111866,14.38417392
zom,20448,2015-07-26,15371,115642,13.29188357
zom,20448,2015-07-27,20484,194254,10.5449566
zom,20448,2015-07-28,40621,478091,8.49649962
zom,20448,2015-07-29,18605,323689,5.74780113
zom,20448,2015-07-30,16094,327410,4.915549311
zom,20448,2015-07-31,5416,111103,4.874755857
zom,20448,2015-08-01,1,5839,0.01712622
zom,20448,2015-08-02,1,515,0.194174757
zom,20451,2015-07-29,6596,57443,11.48268719
zom,20451,2015-07-30,30109,220966,13.62607822
zom,20451,2015-07-31,38171,277215,13.76945692
zom,20451,2015-08-01,39243,273817,14.33183477
zom,20451,2015-08-02,38168,289786,13.17109867
